[{"linha":3,"coluna":48,"transponivel":true,"mortal":false,"vida":15,"dano":60,"classe":"ZigueZague","image":"robo.png","imported":false},{"linha":4,"coluna":48,"transponivel":true,"mortal":false,"vida":5,"dano":60,"classe":"ZigueZague","image":"robo.png","imported":false},{"linha":6,"coluna":39,"transponivel":true,"mortal":false,"vida":15,"dano":60,"classe":"ZigueZague","image":"robo.png","imported":false},{"linha":9,"coluna":14,"transponivel":true,"mortal":false,"vida":15,"dano":60,"classe":"BichinhoVaiVemVertical","image":"skoot.png","imported":false},{"linha":10,"coluna":37,"transponivel":true,"mortal":false,"vida":20,"dano":30,"classe":"BichinhoVaiVemHorizontal","image":"RoboPink.png","imported":false},{"linha":12,"coluna":11,"transponivel":true,"mortal":false,"vida":15,"dano":60,"classe":"BichinhoVaiVemVertical","image":"skoot.png","imported":false},{"linha":13,"coluna":42,"transponivel":true,"mortal":false,"vida":20,"dano":30,"classe":"BichinhoVaiVemHorizontal","image":"RoboPink.png","imported":false},{"linha":21,"coluna":7,"transponivel":true,"mortal":false,"vida":15,"dano":60,"classe":"ZigueZague","image":"robo.png","imported":false},{"linha":21,"coluna":34,"transponivel":true,"mortal":false,"vida":15,"dano":60,"classe":"BichinhoVaiVemVertical","image":"skoot.png","imported":false},{"linha":21,"coluna":36,"transponivel":true,"mortal":false,"vida":15,"dano":60,"classe":"BichinhoVaiVemVertical","image":"skoot.png","imported":false},{"linha":21,"coluna":38,"transponivel":true,"mortal":false,"vida":15,"dano":60,"classe":"BichinhoVaiVemVertical","image":"skoot.png","imported":false},{"linha":21,"coluna":42,"transponivel":true,"mortal":false,"vida":15,"dano":60,"classe":"BichinhoVaiVemVertical","image":"skoot.png","imported":false},{"linha":21,"coluna":44,"transponivel":true,"mortal":false,"vida":15,"dano":60,"classe":"BichinhoVaiVemVertical","image":"skoot.png","imported":false},{"linha":21,"coluna":46,"transponivel":true,"mortal":false,"vida":15,"dano":60,"classe":"BichinhoVaiVemVertical","image":"skoot.png","imported":false},{"linha":23,"coluna":18,"transponivel":true,"mortal":false,"vida":20,"dano":30,"classe":"BichinhoVaiVemHorizontal","image":"RoboPink.png","imported":false},{"linha":23,"coluna":31,"transponivel":true,"mortal":false,"vida":15,"dano":60,"classe":"BichinhoVaiVemVertical","image":"skoot.png","imported":false},{"linha":25,"coluna":31,"transponivel":true,"mortal":false,"vida":15,"dano":60,"classe":"ZigueZague","image":"robo.png","imported":false},{"linha":30,"coluna":5,"transponivel":true,"mortal":false,"vida":15,"dano":60,"classe":"ZigueZague","image":"robo.png","imported":false},{"linha":33,"coluna":46,"transponivel":true,"mortal":false,"vida":15,"dano":60,"classe":"ZigueZague","image":"robo.png","imported":false},{"linha":30,"coluna":7,"transponivel":true,"mortal":false,"vida":10,"dano":100,"classe":"Hero","image":"Robbo.png","imported":false}]