[{"linha":21,"coluna":13,"transponivel":false,"mortal":false,"vida":15,"dano":60,"classe":"ZigueZague","image":"inimigoA.png","imported":false},{"linha":22,"coluna":26,"transponivel":false,"mortal":false,"vida":1,"dano":0,"classe":"BlocoMovel","image":"Mesa.png","imported":false},{"linha":21,"coluna":36,"transponivel":false,"mortal":false,"vida":15,"dano":60,"classe":"BichinhoVaiVemVertical","image":"inimigoV.png","imported":false},{"linha":21,"coluna":38,"transponivel":false,"mortal":false,"vida":15,"dano":60,"classe":"BichinhoVaiVemVertical","image":"inimigoV.png","imported":false},{"linha":21,"coluna":44,"transponivel":false,"mortal":false,"vida":15,"dano":60,"classe":"BichinhoVaiVemVertical","image":"inimigoV.png","imported":false},{"linha":21,"coluna":46,"transponivel":false,"mortal":false,"vida":15,"dano":60,"classe":"BichinhoVaiVemVertical","image":"inimigoV.png","imported":false},{"linha":22,"coluna":23,"transponivel":false,"mortal":false,"vida":15,"dano":60,"classe":"BichinhoVaiVemVertical","image":"inimigoV.png","imported":false},{"linha":23,"coluna":34,"transponivel":false,"mortal":false,"vida":15,"dano":60,"classe":"BichinhoVaiVemVertical","image":"inimigoV.png","imported":false},{"linha":21,"coluna":35,"transponivel":false,"mortal":false,"vida":15,"dano":60,"classe":"ZigueZague","image":"inimigoA.png","imported":false},{"linha":30,"coluna":15,"transponivel":false,"mortal":false,"vida":15,"dano":60,"classe":"ZigueZague","image":"inimigoA.png","imported":false},{"linha":5,"coluna":48,"transponivel":true,"mortal":false,"vida":9,"dano":100,"classe":"Hero","image":"Lucky_Luke.png","imported":false}]