[{"linha":1,"coluna":9,"transponivel":false,"mortal":false,"vida":1,"dano":0,"classe":"BlocoMovel","image":"Mesa.png","imported":false},{"linha":1,"coluna":10,"transponivel":false,"mortal":false,"vida":15,"dano":60,"classe":"ZigueZague","image":"inimigoA.png","imported":false},{"linha":3,"coluna":7,"transponivel":false,"mortal":false,"vida":15,"dano":60,"classe":"ZigueZague","image":"inimigoA.png","imported":false},{"linha":5,"coluna":7,"transponivel":false,"mortal":false,"vida":15,"dano":60,"classe":"ZigueZague","image":"inimigoA.png","imported":false},{"linha":11,"coluna":2,"transponivel":false,"mortal":false,"vida":1,"dano":0,"classe":"BlocoMovel","image":"Mesa.png","imported":false},{"linha":13,"coluna":7,"transponivel":false,"mortal":false,"vida":15,"dano":60,"classe":"ZigueZague","image":"inimigoA.png","imported":false},{"linha":0,"coluna":7,"transponivel":true,"mortal":false,"vida":10,"dano":100,"classe":"Hero","image":"Lucky_Luke.png","imported":false}]